countries_regions_code,Country_name,development,humanitarian_in_FTS,humanitarian_in_IATI,humanitarian
,,,,,1516503542.44643
,Cook Islands,,,,1147759
"",,10867819.0561382,0,10299917.9294674,
289,,240741034.023641,0,30463319.4758609,
298,,548668413.649534,0,9202914.11057077,
380,,147607265.685317,0,0,
389,,138477449.336511,0,0,
489,,89103110.5699105,0,0,
498,,519099242.142321,0,564755.549912851,
589,,144332572.583966,0,12753139.6234746,
619,,72560383.166313,0,0,
679,,79675182.8124,0,0,
689,,9101016.20392684,0,0,
789,,3138848.29971669,0,0,
798,,290333495.818642,0,564755.549912851,
889,,116778663.586759,0,30155610.2313129,
89,,1679166673.20272,0,564755.549912851,
998,,4867341191.64455,0,474011210.158917,
AF,Afghanistan,1379715951.14752,254122269.369417,24381699,157046802.279762
AG,Antigua and Barbuda,1439186.84571992,0,0,286286
AI,,33695550,0,0,
AL,Albania,107970802.210673,650000,290538,3093562
AM,Armenia,38076774.65817,750896,2031092.793,7418435
AO,Angola,7888888.071712,98500,1295716,4446917.44642857
AR,Argentina,3754183.238531,0,0,1732725.79936975
AW,Aruba,0,0,108942,219950.799369748
AZ,Azerbaijan,57536322.107328,650000,1890490,3608038
BA,Bosnia and Herzegovina,342111520.646975,6690883.79183296,3670757,11202937
BB,Barbados,2390641.56671992,0,0,1050286
BD,Bangladesh,240759913.13663,91144787.338163,9026260.07055392,131422892.446429
BF,Burkina Faso,319191492.582658,15691012.1074873,3397172.40468625,47195888.4464286
BG,Bulgaria,0,0,50000,1080000
BH,,100659,0,0,
BI,Burundi,219832172.769797,4873273.41843752,414578,10390486.4464286
BJ,Benin,493600259.303072,376015,1045882.76753923,4545376
BO,"Bolivia, Plurinational State of",109858723.584034,114215,14088933,7120640.79936975
BQ,,0,0,72521.3,
BR,Brazil,50284742.3664608,16983580,3841907,23417370.2993698
BS,Bahamas,475931.566719915,0,0,286286
BT,Bhutan,25232137.1949,1,1160997,6970664
BW,Botswana,17090481.440834,1235880,426353,4860713
BY,Belarus,11564572,2487193,3203380,2684198
BZ,Belize,22947935.6667199,34743.222,534461.246,786286
CA,,7093800,0,0,
CD,"Congo, The Democratic Republic of the",269774073.054914,44232999.9163798,17579824.4345844,95805803.1130952
CF,Central African Republic,236681021.544817,31961228.8860352,4151424.633409,81675843.7797619
CG,Congo,15750720,194872,1227649,3855485.44642857
CH,,658415,0,0,
CI,Côte d'Ivoire,384821927.099572,960608,1348710.49706386,11384158
CK,,3264107.50687232,0,0,
CL,Chile,5494966.714855,0,0,1921827.79936975
CM,Cameroon,240846910.30845,18296503.5929543,126307.441054619,38573207.4464286
CN,China,10283516.0218,2e+05,260500,13148195
CO,Colombia,89069337.8015202,19057980.7565042,235224.9837,48843308.2993698
CR,Costa Rica,14195814.046363,740741,1408632.735,3936619.79936975
CU,Cuba,103172080.37712,0,1757533,1687280.83333333
CV,Cape Verde,165467390.434077,0,912995,169060
CW,Curaçao,0,0,114509.7,219950.799369748
CY,Cyprus,5717095,0,0,960000
DJ,Djibouti,103927533.486282,2445817.63248,287150,9614622.44642857
DK,Denmark,25993863,0,0,22160
DM,Dominica,114518765.560757,0,0,1e+06
DO,Dominican Republic,127303091.079805,3557023,1253263,9159346.79936975
DZ,Algeria,531470,1052943.31275674,368048,5596532
EC,Ecuador,91186772.9355771,12836342.31,0,20700937.2993697
EG,Egypt,428739429.327991,2366550.05245038,0,15493783.4464286
ER,Eritrea,2066203,1e+05,302432,6615215
ES,Spain,,,,55188
ET,Ethiopia,500557434.942316,49380077.8459879,3266235.8388,110915227.363095
FJ,Fiji,46146954.5744669,1130726.63230674,0,21673242
FK,,11409195,0,0,
FM,"Micronesia, Federated States of",9460325.18246371,0,0,5506344
GA,Gabon,604194.5,0,6242907,9037255
GB,,0,0,189000,
GD,Grenada,2501211.46671992,0,0,286286
GE,Georgia,843837895.876777,650000,1901302,1514686
GH,Ghana,104740294,0,438562.396697853,13973190
GL,,66965472,0,0,
GM,Gambia,86351278.0019,90639,275560,1583200
GN,Guinea,220404226.685748,1e+05,4015040.24961021,8907224
GQ,,899415,0,578619,
GR,Greece,0,440207,272309.797368749,17787938
GT,Guatemala,318177676.797046,12143163.66,267500,7202250
GW,Guinea-Bissau,7863456.1,908344,8331956.65179576,13982084
GY,Guyana,50609783.0808702,0,0,2177507.79936975
HN,Honduras,372654778.107539,6133287.37,1925003.1255,8892606
HR,Croatia,,,,2308060
HT,Haiti,681282196.130473,24801063.691242,82613.7232,47793507.4464286
HU,,0,0,35000,
ID,Indonesia,39450062.3190116,8362740.59443621,8332477.19808379,33243974.9166667
IN,India,24981110.4261544,16203410.7557,15583783.7986223,14590749
IQ,Iraq,301150842.236955,119112333.26957,819923.953601283,146948464.196429
IR,"Iran, Islamic Republic of",15165168.9612,63039342.0449381,511219,73773444.2797619
IT,Italy,9868189.13,0,0,2847902
JM,Jamaica,122930884.15672,0,0,3264813
JO,Jordan,649523478.847004,41604273.4220314,333726,79671589.7797619
JP,,80691.50208,0,0,
KE,Kenya,205800653.085409,7672840.07617365,5836450.6173,45503330.6130952
KG,Kyrgyzstan,265754591.537916,967034.997,3557239.234,14042347.75
KH,Cambodia,429591203.417351,7e+05,5453060,30575691
KI,Kiribati,35374418.5288136,0,0,291063.5
KM,Comoros,1160702,679654,392000,2163568
KN,Saint Kitts and Nevis,6387431.56671992,0,0,286286
KP,,0,0,941120,
KW,Kuwait,0,0,267500,32363
KZ,Kazakhstan,1015472.0859,3197471,890028,9303956.83333333
LA,Lao People's Democratic Republic,251774356.819605,4670513.1318,1988147.695861,22051165
LB,Lebanon,48840194.7908,79740735.0162709,7650181.61999142,108268890.696429
LC,Saint Lucia,475931.566719915,0,0,286286
LK,Sri Lanka,119091761.062795,7171379.33807792,693791.3,11246697
LR,Liberia,40294172.89,2802349,7463027.12000427,4146220
LS,Lesotho,19023800,596400,1699008,1372248
LY,Libya,50652600.731331,14400200.2554542,642289,50069135.4464286
MA,Morocco,273786871.8,720000,20000,9824132
MD,"Moldova, Republic of",265987760.937663,2043416.805,4474175.805,2726083.91666667
ME,Montenegro,118133717.560455,226795,532715.712,1698396
MG,Madagascar,79464353.535684,14697669.561499,11216385,14741315
MH,Marshall Islands,20531992,0,0,150000
MK,"North Macedonia, Republic of",102432396.058635,7e+05,493986,1162409
ML,Mali,543004267.218609,21544134.221734,2980517.93441464,48888006.4464286
MM,Myanmar,572387233.405321,23112148.4372925,233006.655232,74003201.3630952
MN,Mongolia,73068168.42,1016184,476508,13326331
MR,Mauritania,49448454.2084,3438443.89334934,730000,19501955
MS,,33624612,0,0,
MU,Mauritius,5787492.7066,294250,1234898,2068706
MV,Maldives,9640562,1392846,659874,13471689
MW,Malawi,248763904.634333,6671456.19632,1058696.64355,18801283
MX,Mexico,5950978.033073,83333,2447745,4110754.63270308
MY,Malaysia,345968,0,214000,3323313
MZ,Mozambique,275171217.012857,21522826.6,3084793.65569686,15844802
NA,Namibia,52347235.15,1503842.5,892000,2420807
NC,,69046320,0,0,
NE,Niger,627032221.645681,22001253.4934885,144000,33582836.6964286
NG,Nigeria,130972621.451804,64360737.6032599,16495482.3779217,73478302.4464286
NI,Nicaragua,204964431.130715,0,0,4632157.83333333
NL,,0,0,42423.8388978287,
NP,Nepal,439612995.486466,1829517.55067886,1091519.37905,14639290
NR,Nauru,71502360.6580924,0,0,1047759
NU,,228421.870359592,0,0,
None,,15074669.7532705,0,429115903.068888,
OM,Oman,0,0,119000,84456
OO,,290139.894106999,0,0,
PA,Panama,1167066.82,0,0,12324489.7993698
PE,Peru,132296266.80152,14004975.22,0,16549549.7993697
PG,Papua New Guinea,218348983.138688,850000,862634.196918858,32049678
PH,Philippines,109788256.933799,56719250.5508442,0,38543247.9166667
PK,Pakistan,467642681.870543,75436657.2849059,1811190,85690501
PL,,0,0,53547,
PN,,7172243.226,0,0,
PRK,"Korea, Democratic People's Republic of",,,,6329736.44642857
PS,occupied Palestinian territory,1149299853.51994,273162074.489355,3113249.3761153,51963450.8630952
PW,Palau,9011673.32315443,0,0,3870818
PY,Paraguay,40028816.9987202,246790.96,141262.551,1507240.79936975
RO,Romania,0,0,111960,1828512
RS,Serbia,406517805.394915,1429119,818720,7787241
RU,,1113620.69,0,79329,
RW,Rwanda,479352159.602252,1627536,4834351.498943,6252913.36309524
SA,,0,0,50000,
SB,Solomon Islands,59880474.5386252,0,22402.25,2920418
SC,Seychelles,54000,0,748550,1821400
SD,Sudan,28654210.093366,109602669.389143,2757917,127645266.363095
SH,,41380500,0,0,
SK,,-2e+06,0,0,
SL,Sierra Leone,302016988.39243,9696059,1973490.34863458,20209855
SN,Senegal,225439536.87834,386167,712725.405213389,10445759
SO,Somalia,91368204.5404891,43556956.7307426,3244229.93998471,76275614.7797619
SR,Suriname,23477360.1931929,0,0,346286
SS,South Sudan,11362895.2041112,59748368.9436335,6164239.95360128,99905692.4464286
ST,São Tomé and Príncipe,3846367.9676,1e+05,599428,214000
SV,El Salvador,240667383.99152,5398837,608818,3324040
SY,Syrian Arab Republic,191396267.319207,161820596.970041,10702187.7509,212690162.779762
SZ,Eswatini,20864974.703979,741442.66068,657367,837450
TC,,33482736,0,0,
TD,Chad,99476247.03594,26823560.808046,3129380.92960038,31931024.4464286
TG,Togo,86264095.626798,864213.998201,2e+05,3366464
TH,Thailand,13611827.7871281,8936436.95,898897.4217539,9405122
TJ,Tajikistan,262792097.071807,1091826,1843102,13911434
TK,,0,0,230050,
TL,Timor-Leste,160899497.625057,1939632,2438738.7294,9019164
TM,Turkmenistan,780335.8,170000,560842,5880625
TN,Tunisia,688427743.771485,569821,5426919.89074142,10611221
TO,Tonga,33463111.4350059,0,206686.31886598,1666255
TR,Turkey,331907879.49,105157464.839766,8579274,67252534.4464286
TT,Trinidad and Tobago,15304637.6667199,0,0,1999778.29936975
TV,Tuvalu,16241657.7343041,0,0,1247759
TZ,"Tanzania, United Republic of",620444630.112832,6907581.6695,961073.9991,21304401.6964286
UA,Ukraine,1456284650.63461,40711002.351212,74795.64,31915150.4464286
UG,Uganda,192925122.5246,22183521.4691927,2724337.20108189,28484389.4464286
UY,Uruguay,1232522.871956,0,0,1851617.79936975
UZ,Uzbekistan,154442737.2421,0,4699358,12451997.8333333
VC,Saint Vincent and the Grenadines,475931.566719915,0,0,1286286
VE,"Venezuela, Bolivarian Republic of",81528,30446398.75368,267500,26697177.4464286
VN,Viet Nam,235834455.412373,4330000,447000,7111422
VU,Vanuatu,62561094.3727331,333488.804424819,0,2920418
WF,,20690250,0,0,
WS,Samoa,54672308.700717,0,0,1917100.5
XK,,158041028.787114,0,3251987,
YE,Yemen,241895922.080961,216504227.614373,194843634,178306746.446429
ZA,South Africa,173770866.405622,1665168,274974,7194062.91666667
ZM,Zambia,154587569.10175,6726126,205000,20540034.4464286
ZW,Zimbabwe,201653572.814874,17138994.338835,150000,32050974
ZZ,,13024000,0,0,
